id;cv;telephone;adresse;photo_path
1;grade gee;(292) 844-8907;cutlet so naturally;oddly an
2;strict ultimately;1-442-299-9304 x157;magnetize equally put;pomelo
3;rapidly hmph why;714-883-5831 x725;midst omelet;strategy wise
4;fooey voluntarily;1-717-687-1344 x2281;ferociously;phew
5;aside between swathe;752-724-9905 x529;cow;creak merrily
6;likewise lotion;1-605-746-0775 x7833;meander pish;lively next
7;geez unearth;1-888-645-2036 x191;openly;sleepy phooey although
8;and zen blah;643.884.8183 x202;surprise jaggedly;psst briefly
9;apricot jam-packed;417.443.5873 x179;instead;scratchy deplore
10;formation;416.322.0463 x9386;nautical on marvelous;pfft
