id;nom;prenom;email;mot_de_passe;role
1;engender pale;boohoo;Albin_Hoeger-Walter78@hotmail.com;upset bestride fiercely;subtle
2;lest jittery aha;whoa next legend;Lorine_Ryan77@yahoo.com;scale;explode procrastinate lest
3;oh rarely given;drat;Christopher.Deckow@gmail.com;federate design;altruistic
4;toothbrush physical schnitzel;mathematics slink deficient;Jettie_Kessler@gmail.com;noted since punctually;astonishing yet basic
5;contradict colossal;under;Lucile.Mitchell@gmail.com;fast;hundred amongst reproachfully
6;lasting;lest;Willow_Berge83@yahoo.com;than whereas up;times loftily
7;how;zowie rebound language;Mafalda.McCullough@hotmail.com;partridge because for;writhing pomelo recklessly
8;since incidentally quietly;clear-cut entrench;Alexie.Predovic@hotmail.com;lasting;alienated hydrocarbon creamy
9;kiddingly ick;onto;Emerson57@yahoo.com;boastfully;although
10;fatal pfft whoa;precious who nor;Bernard_Predovic@hotmail.com;nauseate;aboard fooey
